{
  "posts": [
    
    {
      "id":1,
      "name":"farmhouse",
      "category": "veg-pizza",
      "size":"large",
      "crust":"thin-crust",
      "price":310,
      "discount":"5%",
      "image":"assets/veg-pizza.webp",
      "vn":"assets/veg.jpg"
    },
    {
      "id":2,
      "name":"Cheese Gourmet",
      "category": "veg-pizza",
      "size":"large",
      "crust":"thin-crust",
      "price":410,
      "discount":"5%",
      "image":"assets/cheese_gourmet.jpg",
      "vn":"assets/veg.jpg"

    },
    {
      "id":3,
      "name":"Barbeque Chicken",
      "category": "non-veg-pizza",
      "size":"large",
      "crust":"thin-crust",
      "price":340,
      "discount":"5%",
      "image":"assets/barbeque_chicken.webp",
      "vn":"assets/non-veg.jpg"

    },
    {
      "id":4,
      "name":"Peppy Paneer",
      "category": "veg-pizza",
      "size":"large",
      "crust":"thin-crust",
      "price":340,
      "discount":"5%",
      "image":"assets/peppy_paneer.webp",
      "vn":"assets/veg.jpg"

    },
    {
      "id":5,
      "name":"Margherita",
      "category": "veg-pizza",
      "size":"large",
      "crust":"thin-crust",
      "price":340,
      "discount":"5%",
      "image":"assets/margherita.webp",
      "vn":"assets/veg.jpg"

    },
    {
      "id":6,
      "name":"Fusion Chicken",
      "category": "non-veg-pizza",
      "size":"large",
      "crust":"thin-crust",
      "price":340,
      "discount":"5%",
      "image":"assets/fusion_chicken.jpg",
      "vn":"assets/non-veg.jpg"

    },
    {
      "id":7,
      "name":"Spiced Chicken",
      "category": "non-veg-pizza",
      "size":"large",
      "crust":"thin-crust",
      "price":340,
      "discount":"5%",
      "image":"assets/spiced_chicken.jpg",
      "vn":"assets/non-veg.jpg"

    },
    {
      "id":8,
      "name":"Veg Extravaganza",
      "category": "veg-pizza",
      "size":"large",
      "crust":"thin-crust",
      "price":340,
      "discount":"5%",
      "image":"assets/veg_extravaganza.webp",
      "vn":"assets/veg.jpg"

    },
    {
      "id":9,
      "name":"Chicken Maximus",
      "category": "non-veg-pizza",
      "size":"large",
      "crust":"thin-crust",
      "price":340,
      "discount":"5%",
      "image":"assets/chicken_maximus.jpg",
      "vn":"assets/non-veg.jpg"

    },
    {
      "id":10,
      "name":"Unthinkable Pizza",
      "category": "veg-pizza",
      "size":"large",
      "crust":"thin-crust",
      "price":340,
      "discount":"5%",
      "image":"assets/unthinkable.jpg",
      "vn":"assets/veg.jpg"

    },
    {
      "id":11,
      "name":"Pepperoni Chicken",
      "category": "non-veg-pizza",
      "size":"large",
      "crust":"thin-crust",
      "price":340,
      "discount":"5%",
      "image":"assets/Pepperoni_chicken.jpg",
      "vn":"assets/non-veg.jpg"

    },
    {
      "id":12,
      "name":"Smoked Chicken",
      "category": "non-veg-pizza",
      "size":"large",
      "crust":"thin-crust",
      "price":340,
      "discount":"5%",
      "image":"assets/smoked_chicken.jpg",
      "vn":"assets/non-veg.jpg"

    },
    {
      "id":13,
      "name":"Nimbooz",
      "category": "beverages",
      "size":"large",
      "crust":"thin-crust",
      "price":340,
      "discount":"5%",
      "image":"assets/nimbooz.jpg",
      "vn":"assets/veg.jpg"

    },
    {
      "id":14,
      "name":"B Natural Mixed Fruit",
      "category": "beverages",
      "size":"large",
      "crust":"thin-crust",
      "price":340,
      "discount":"5%",
      "image":"assets/MIXEDFRUIT.jpg",
      "vn":"assets/veg.jpg"

    },
    {
      "id":15,
      "name":"B Natural Alphonsa",
      "category": "beverages",
      "size":"large",
      "crust":"thin-crust",
      "price":340,
      "discount":"5%",
      "image":"assets/bnaturalalphonso.jpg",
      "vn":"assets/veg.jpg"

    },
    {
      "id":16,
      "name":"Pepsi",
      "category": "beverages",
      "size":"large",
      "crust":"thin-crust",
      "price":340,
      "discount":"5%",
      "image":"assets/pepsi.jpg",
      "vn":"assets/veg.jpg"

    },
    {
      "id":17,
      "name":"7up",
      "category": "beverages",
      "size":"large",
      "crust":"thin-crust",
      "price":340,
      "discount":"5%",
      "image":"assets/7up.webp",
      "vn":"assets/veg.jpg"

    },
    {
      "id":18,
      "name":"Bailley One",
      "category": "beverages",
      "size":"large",
      "crust":"thin-crust",
      "price":340,
      "discount":"5%",
      "image":"assets/bailleyone.jpg",
      "vn":"assets/veg.jpg"

    }

  ],
  "comments": [
    {
      "id": 1,
      "body": "some comment",
      "postId": 1
    }
  ],
  "profile": {
    "name": "typicode"
  }
}